{
	"appId": "com.estundnzettl.app",
	"appName": "eStundnzettl",
	"webDir": "dist",
	"plugins": {
		"GoogleAuth": {
			"scopes": [
				"https://www.googleapis.com/auth/drive.file"
			],
			"serverClientId": "618528142382-pes4415amf381rk4bjovlamgh4emhrov.apps.googleusercontent.com",
			"forceCodeForRefreshToken": true
		},
		"SplashScreen": {
			"launchShowDuration": 0,
			"launchAutoHide": false,
			"backgroundColor": "#1e293b",
			"androidScaleType": "CENTER_CROP",
			"showSpinner": false,
			"splashFullScreen": true,
			"splashImmersive": true,
			"androidSplashResourceName": "splash"
		}
	}
}
